ticket,symbol,direction,opened_at,closed_at,entry_price,exit_price,sl,tp,risk_price,sl_reason,lot,score,grade,reason,pnl
1,XAUUSDm,sell,2026-04-17T20:35:00+00:00,2026-04-19T22:00:00+00:00,4842.067,4806.312,4855.433,4806.312,13.366,internal_structure_anchor,0.01,8,B,tp_hit,35.735
2,XAUUSDm,sell,2026-04-22T12:15:00+00:00,2026-04-22T13:45:00+00:00,4747.91,4760.49,4760.49,4703.435,12.58,internal_structure_anchor,0.01,9,B,sl_hit,-12.6
3,XAUUSDm,sell,2026-04-24T10:30:00+00:00,2026-04-24T11:00:00+00:00,4675.453,4687.627,4687.627,4644.273,12.174,internal_structure_anchor,0.01,9,B,sl_hit,-12.194
4,XAUUSDm,sell,2026-04-27T14:05:00+00:00,2026-04-27T16:50:00+00:00,4688.934,4677.43243,4677.43243,4657.574,11.801,internal_structure_anchor,0.01,8,B,sl_hit,11.4816
5,XAUUSDm,sell,2026-04-28T05:10:00+00:00,2026-04-28T06:05:00+00:00,4652.331,4640.23,4640.23,4622.593,14.869,internal_structure_anchor,0.01,8,B,sl_hit,12.081
6,XAUUSDm,sell,2026-04-28T09:15:00+00:00,2026-04-28T11:20:00+00:00,4622.131,4594.437,4610.03971,4594.437,13.847,internal_structure_anchor,0.01,8,B,tp_hit,27.674
7,XAUUSDm,sell,2026-04-29T07:05:00+00:00,2026-04-29T08:50:00+00:00,4579.404,4573.15686,4573.15686,4554.786,10.207,internal_structure_anchor,0.02,8,B,sl_hit,12.4543
8,XAUUSDm,sell,2026-05-11T05:50:00+00:00,2026-05-11T06:15:00+00:00,4654.587,4669.222,4669.222,4540.282,14.635,internal_structure_anchor,0.01,9,B,sl_hit,-14.655
9,XAUUSDm,sell,2026-05-13T03:05:00+00:00,2026-05-13T03:35:00+00:00,4689.67,4704.789,4704.789,4659.432,15.119,internal_structure_anchor,0.01,8,B,sl_hit,-15.139
10,XAUUSDm,sell,2026-05-13T03:55:00+00:00,2026-05-13T05:05:00+00:00,4696.091,4706.668,4706.668,4669.695,10.577,internal_structure_anchor,0.01,9,B,sl_hit,-10.597
11,XAUUSDm,sell,2026-05-13T18:45:00+00:00,2026-05-13T22:15:00+00:00,4679.59,4694.708,4694.708,4582.858,15.118,internal_structure_anchor,0.01,9,B,sl_hit,-15.138
12,XAUUSDm,sell,2026-05-14T03:10:00+00:00,2026-05-14T04:25:00+00:00,4682.988,4695.469,4695.469,4658.026,12.481,internal_structure_anchor,0.01,9,B,sl_hit,-12.501
13,XAUUSDm,sell,2026-05-14T19:35:00+00:00,2026-05-14T22:05:00+00:00,4659.362,4654.51193,4654.51193,4500.541,11.634,internal_structure_anchor,0.01,9,B,sl_hit,4.8301
14,XAUUSDm,sell,2026-05-15T05:05:00+00:00,2026-05-15T07:10:00+00:00,4593.235,4578.71357,4578.71357,4540.282,14.905,internal_structure_anchor,0.01,9,B,sl_hit,14.5014
15,XAUUSDm,sell,2026-05-26T04:30:00+00:00,2026-05-26T10:05:00+00:00,4530.445,4525.24293,4525.24293,4465.693,14.132,internal_structure_anchor,0.01,8,B,sl_hit,5.1821
16,XAUUSDm,sell,2026-05-27T06:00:00+00:00,2026-05-27T08:00:00+00:00,4495.233,4488.74771,4488.74771,4466.017,14.608,internal_structure_anchor,0.01,9,B,sl_hit,6.4653
17,XAUUSDm,sell,2026-05-27T10:15:00+00:00,2026-05-27T10:45:00+00:00,4479.836,4451.656,4473.0045,4451.656,14.09,internal_structure_anchor,0.01,8,B,tp_hit,28.16
18,XAUUSDm,sell,2026-05-28T04:25:00+00:00,2026-05-28T05:30:00+00:00,4368.483,4382.847,4382.847,4339.755,14.364,internal_structure_anchor,0.01,8,B,sl_hit,-14.384
19,XAUUSDm,sell,2026-05-28T10:45:00+00:00,2026-05-28T12:35:00+00:00,4380.933,4396.486,4396.486,4349.827,15.553,internal_structure_anchor,0.01,8,B,sl_hit,-15.573
20,XAUUSDm,sell,2026-06-01T03:10:00+00:00,2026-06-01T05:10:00+00:00,4518.686,4518.39114,4518.39114,4491.106,13.79,internal_structure_anchor,0.01,8,B,sl_hit,0.2749
21,XAUUSDm,sell,2026-06-01T06:10:00+00:00,2026-06-01T09:15:00+00:00,4514.233,4505.21921,4505.21921,4489.664,11.661,internal_structure_anchor,0.01,8,B,sl_hit,8.9938
22,XAUUSDm,sell,2026-06-03T04:25:00+00:00,2026-06-03T06:15:00+00:00,4477.21,4469.11857,4469.11857,4454.836,11.187,internal_structure_anchor,0.01,9,B,sl_hit,8.0714
23,XAUUSDm,sell,2026-06-03T06:50:00+00:00,2026-06-03T07:10:00+00:00,4458.453,4471.722,4471.722,4366.232,13.269,internal_structure_anchor,0.01,8,B,sl_hit,-13.289
24,XAUUSDm,sell,2026-06-03T07:30:00+00:00,2026-06-03T09:05:00+00:00,4461.387,4456.59257,4456.59257,4366.232,11.667,internal_structure_anchor,0.01,8,B,sl_hit,4.7744
25,XAUUSDm,sell,2026-06-03T09:30:00+00:00,2026-06-03T10:05:00+00:00,4441.763,4457.227,4457.227,4366.232,15.464,internal_structure_anchor,0.01,8,B,sl_hit,-15.484
26,XAUUSDm,sell,2026-06-05T01:20:00+00:00,2026-06-05T04:55:00+00:00,4455.145,4444.808,4444.808,4366.232,15.118,internal_structure_anchor,0.01,8,B,sl_hit,10.317
27,XAUUSDm,sell,2026-06-05T16:40:00+00:00,2026-06-05T16:55:00+00:00,4327.885,4342.344,4342.344,4298.967,14.459,internal_structure_anchor,0.01,8,B,sl_hit,-14.479
28,XAUUSDm,sell,2026-06-05T18:00:00+00:00,2026-06-05T20:45:00+00:00,4333.407,4326.33471,4326.33471,4303.859,14.774,internal_structure_anchor,0.01,9,B,sl_hit,7.0523
29,XAUUSDm,sell,2026-06-08T05:15:00+00:00,2026-06-08T05:35:00+00:00,4309.098,4284.838,4301.70086,4284.838,12.13,internal_structure_anchor,0.01,8,B,tp_hit,24.24
30,XAUUSDm,sell,2026-06-10T19:10:00+00:00,2026-06-10T22:00:00+00:00,4089.05,4064.328,4082.73629,4064.328,12.361,internal_structure_anchor,0.01,8,B,tp_hit,24.702
31,XAUUSDm,sell,2026-06-11T08:30:00+00:00,2026-06-11T09:45:00+00:00,4095.558,4092.32736,4092.32736,4023.831,11.619,internal_structure_anchor,0.01,8,B,sl_hit,3.2106
32,XAUUSDm,sell,2026-06-18T16:45:00+00:00,2026-06-18T19:45:00+00:00,4218.023,4214.72071,4214.72071,4023.831,16.128,internal_structure_anchor,0.01,9,B,sl_hit,3.2823
33,XAUUSDm,sell,2026-06-18T23:45:00+00:00,2026-06-19T05:30:00+00:00,4189.526,4137.87057,4137.87057,4023.831,12.434,internal_structure_anchor,0.01,9,B,sl_hit,51.6354
34,XAUUSDm,sell,2026-06-19T12:45:00+00:00,2026-06-19T12:50:00+00:00,4148.701,4161.224,4161.224,4023.831,12.523,internal_structure_anchor,0.01,8,B,sl_hit,-12.543
35,XAUUSDm,sell,2026-06-23T01:35:00+00:00,2026-06-23T04:55:00+00:00,4162.203,4121.623,4141.40879,4121.623,16.883,internal_structure_anchor,0.01,8,B,tp_hit,40.56
36,XAUUSDm,sell,2026-06-23T04:55:00+00:00,2026-06-23T05:00:00+00:00,4118.261,4131.569,4131.569,4091.645,13.308,internal_structure_anchor,0.01,8,B,sl_hit,-13.328
37,XAUUSDm,sell,2026-06-23T07:50:00+00:00,2026-06-23T09:20:00+00:00,4100.608,4115.557,4115.557,4070.71,14.949,internal_structure_anchor,0.01,8,B,sl_hit,-14.969
38,XAUUSDm,sell,2026-06-23T12:05:00+00:00,2026-06-23T13:45:00+00:00,4119.925,4132.845,4132.845,4094.085,12.92,internal_structure_anchor,0.01,8,B,sl_hit,-12.94
39,XAUUSDm,sell,2026-06-24T03:20:00+00:00,2026-06-24T03:40:00+00:00,4052.917,4068.968,4068.968,4020.814,16.051,internal_structure_anchor,0.01,8,B,sl_hit,-16.071
40,XAUUSDm,sell,2026-06-24T09:00:00+00:00,2026-06-24T11:10:00+00:00,4074.438,4046.632,4063.694,4046.632,13.903,internal_structure_anchor,0.01,8,B,tp_hit,27.786
41,XAUUSDm,sell,2026-06-24T17:40:00+00:00,2026-06-24T18:05:00+00:00,3984.268,3976.79193,3976.79193,3956.906,13.681,internal_structure_anchor,0.01,8,B,sl_hit,7.4561
42,XAUUSDm,sell,2026-06-29T08:40:00+00:00,2026-06-29T09:55:00+00:00,4055.69,4032.122,4049.23014,4032.122,11.784,internal_structure_anchor,0.01,9,B,tp_hit,23.548
43,XAUUSDm,sell,2026-06-29T14:10:00+00:00,2026-06-29T14:25:00+00:00,4008.935,4025.057,4025.057,3958.811,16.122,internal_structure_anchor,0.01,8,B,sl_hit,-16.142
44,XAUUSDm,sell,2026-06-29T14:45:00+00:00,2026-06-29T19:25:00+00:00,4019.767,4014.35664,4014.35664,3958.811,16.59,internal_structure_anchor,0.01,8,B,sl_hit,5.3904
45,XAUUSDm,sell,2026-06-30T23:45:00+00:00,2026-07-01T02:50:00+00:00,4007.482,3984.82293,3984.82293,3958.811,11.728,internal_structure_anchor,0.01,9,B,sl_hit,22.6391
46,XAUUSDm,sell,2026-07-06T05:00:00+00:00,2026-07-06T07:45:00+00:00,4153.955,4165.376,4165.376,4096.828,11.421,internal_structure_anchor,0.02,9,B,sl_hit,-22.882
47,XAUUSDm,sell,2026-07-06T12:30:00+00:00,2026-07-06T13:00:00+00:00,4143.966,4143.77386,4143.77386,4049.227,15.319,internal_structure_anchor,0.01,8,B,sl_hit,0.1721
48,XAUUSDm,sell,2026-07-07T05:15:00+00:00,2026-07-07T07:45:00+00:00,4122.354,4133.154,4133.154,4049.227,10.8,internal_structure_anchor,0.02,8,B,sl_hit,-21.64
49,XAUUSDm,sell,2026-07-07T19:00:00+00:00,2026-07-07T19:30:00+00:00,4121.668,4110.03114,4110.03114,4049.227,12.165,internal_structure_anchor,0.01,8,B,sl_hit,11.6169
50,XAUUSDm,sell,2026-07-08T08:00:00+00:00,2026-07-08T08:15:00+00:00,4117.248,4092.023,4127.7,4092.023,10.452,internal_structure_anchor,0.02,8,B,tp_hit,50.41
51,XAUUSDm,sell,2026-07-10T08:45:00+00:00,2026-07-10T10:20:00+00:00,4095.947,4108.905,4108.905,4049.227,12.958,internal_structure_anchor,0.01,8,B,sl_hit,-12.978
52,XAUUSDm,sell,2026-07-13T03:00:00+00:00,2026-07-13T05:05:00+00:00,4064.541,4060.744,4060.744,4037.033,13.754,internal_structure_anchor,0.01,9,B,sl_hit,3.777
53,XAUUSDm,sell,2026-07-13T05:20:00+00:00,2026-07-13T07:05:00+00:00,4061.237,4059.79686,4059.79686,4035.867,12.685,internal_structure_anchor,0.01,9,B,sl_hit,1.4201
54,XAUUSDm,sell,2026-07-13T14:05:00+00:00,2026-07-13T14:20:00+00:00,4037.527,4004.205,4028.17164,4004.205,16.661,internal_structure_anchor,0.01,9,B,tp_hit,33.302
55,XAUUSDm,sell,2026-07-13T16:25:00+00:00,2026-07-13T18:30:00+00:00,4004.029,3998.23807,3998.23807,3960.388,14.82,internal_structure_anchor,0.01,8,B,sl_hit,5.7709
56,XAUUSDm,sell,2026-07-15T16:10:00+00:00,2026-07-15T17:30:00+00:00,4038.427,4051.725,4051.725,4011.831,13.298,internal_structure_anchor,0.01,9,B,sl_hit,-13.318
57,XAUUSDm,sell,2026-07-15T18:45:00+00:00,2026-07-15T20:20:00+00:00,4064.603,4059.48671,4059.48671,4043.785,10.409,internal_structure_anchor,0.02,8,B,sl_hit,10.1926
58,XAUUSDm,sell,2026-07-17T12:50:00+00:00,2026-07-17T13:35:00+00:00,3968.817,3981.252,3981.252,3943.947,12.435,internal_structure_anchor,0.01,8,B,sl_hit,-12.455
